host_epoch	tp_offset_ns	quant_err_ns	fix_type	num_sv	survey_valid
1700000001.000	NaN	NaN	NaN	10	NaN
1700000001.000	NaN	NaN	3	NaN	NaN
1700000002.000	NaN	NaN	NaN	12	NaN
1700000002.000	NaN	NaN	3	NaN	NaN
1700000003.000	NaN	NaN	NaN	12	NaN
1700000003.000	NaN	NaN	3	NaN	NaN
1700000004.000	NaN	NaN	NaN	10	NaN
1700000004.000	NaN	NaN	3	NaN	NaN
1700000005.000	NaN	NaN	NaN	11	NaN
1700000005.000	NaN	NaN	3	NaN	NaN
1700000006.000	NaN	NaN	NaN	11	NaN
1700000006.000	NaN	NaN	3	NaN	NaN
1700000007.000	NaN	NaN	NaN	12	NaN
1700000007.000	NaN	NaN	3	NaN	NaN
1700000008.000	NaN	NaN	NaN	12	NaN
1700000008.000	NaN	NaN	3	NaN	NaN
1700000009.000	NaN	NaN	NaN	9	NaN
1700000009.000	NaN	NaN	3	NaN	NaN
1700000010.000	NaN	NaN	NaN	9	NaN
1700000010.000	NaN	NaN	3	NaN	NaN
1700000011.000	NaN	NaN	NaN	12	NaN
1700000011.000	NaN	NaN	3	NaN	NaN
1700000012.000	NaN	NaN	NaN	11	NaN
1700000012.000	NaN	NaN	3	NaN	NaN
1700000013.000	NaN	NaN	NaN	12	NaN
1700000013.000	NaN	NaN	3	NaN	NaN
1700000014.000	NaN	NaN	NaN	9	NaN
1700000014.000	NaN	NaN	3	NaN	NaN
1700000015.000	NaN	NaN	NaN	11	NaN
1700000015.000	NaN	NaN	3	NaN	NaN
1700000016.000	NaN	NaN	NaN	12	NaN
1700000016.000	NaN	NaN	3	NaN	NaN
1700000017.000	NaN	NaN	NaN	10	NaN
1700000017.000	NaN	NaN	3	NaN	NaN
1700000018.000	NaN	NaN	NaN	13	NaN
1700000018.000	NaN	NaN	3	NaN	NaN
1700000019.000	NaN	NaN	NaN	13	NaN
1700000019.000	NaN	NaN	3	NaN	NaN
1700000020.000	NaN	NaN	NaN	9	NaN
1700000020.000	NaN	NaN	3	NaN	NaN
1700000021.000	NaN	NaN	NaN	9	NaN
1700000021.000	NaN	NaN	3	NaN	NaN
1700000022.000	NaN	NaN	NaN	11	NaN
1700000022.000	NaN	NaN	3	NaN	NaN
1700000023.000	NaN	NaN	NaN	13	NaN
1700000023.000	NaN	NaN	3	NaN	NaN
1700000024.000	NaN	NaN	NaN	11	NaN
1700000024.000	NaN	NaN	3	NaN	NaN
1700000025.000	NaN	NaN	NaN	10	NaN
1700000025.000	NaN	NaN	3	NaN	NaN
1700000026.000	NaN	NaN	NaN	11	NaN
1700000026.000	NaN	NaN	3	NaN	NaN
1700000027.000	NaN	NaN	NaN	9	NaN
1700000027.000	NaN	NaN	3	NaN	NaN
1700000028.000	NaN	NaN	NaN	10	NaN
1700000028.000	NaN	NaN	3	NaN	NaN
1700000029.000	NaN	NaN	NaN	11	NaN
1700000029.000	NaN	NaN	3	NaN	NaN
1700000030.000	NaN	NaN	NaN	11	NaN
1700000030.000	NaN	NaN	3	NaN	NaN
1700000031.000	NaN	NaN	NaN	10	NaN
1700000031.000	NaN	NaN	3	NaN	NaN
1700000032.000	NaN	NaN	NaN	10	NaN
1700000032.000	NaN	NaN	3	NaN	NaN
1700000033.000	NaN	NaN	NaN	10	NaN
1700000033.000	NaN	NaN	3	NaN	NaN
1700000034.000	NaN	NaN	NaN	11	NaN
1700000034.000	NaN	NaN	3	NaN	NaN
1700000035.000	NaN	NaN	NaN	10	NaN
1700000035.000	NaN	NaN	3	NaN	NaN
1700000036.000	NaN	NaN	NaN	9	NaN
1700000036.000	NaN	NaN	3	NaN	NaN
1700000037.000	NaN	NaN	NaN	12	NaN
1700000037.000	NaN	NaN	3	NaN	NaN
1700000038.000	NaN	NaN	NaN	11	NaN
1700000038.000	NaN	NaN	3	NaN	NaN
1700000039.000	NaN	NaN	NaN	12	NaN
1700000039.000	NaN	NaN	3	NaN	NaN
1700000040.000	NaN	NaN	NaN	10	NaN
1700000040.000	NaN	NaN	3	NaN	NaN
1700000041.000	NaN	NaN	NaN	13	NaN
1700000041.000	NaN	NaN	3	NaN	NaN
1700000042.000	NaN	NaN	NaN	12	NaN
1700000042.000	NaN	NaN	3	NaN	NaN
1700000043.000	NaN	NaN	NaN	9	NaN
1700000043.000	NaN	NaN	3	NaN	NaN
1700000044.000	NaN	NaN	NaN	10	NaN
1700000044.000	NaN	NaN	3	NaN	NaN
1700000045.000	NaN	NaN	NaN	12	NaN
1700000045.000	NaN	NaN	3	NaN	NaN
1700000046.000	NaN	NaN	NaN	12	NaN
1700000046.000	NaN	NaN	3	NaN	NaN
1700000047.000	NaN	NaN	NaN	13	NaN
1700000047.000	NaN	NaN	3	NaN	NaN
1700000048.000	NaN	NaN	NaN	11	NaN
1700000048.000	NaN	NaN	3	NaN	NaN
1700000049.000	NaN	NaN	NaN	12	NaN
1700000049.000	NaN	NaN	3	NaN	NaN
1700000050.000	NaN	NaN	NaN	12	NaN
1700000050.000	NaN	NaN	3	NaN	NaN
1700000051.000	NaN	NaN	NaN	10	NaN
1700000051.000	NaN	NaN	3	NaN	NaN
1700000052.000	NaN	NaN	NaN	11	NaN
1700000052.000	NaN	NaN	3	NaN	NaN
1700000053.000	NaN	NaN	NaN	13	NaN
1700000053.000	NaN	NaN	3	NaN	NaN
1700000054.000	NaN	NaN	NaN	12	NaN
1700000054.000	NaN	NaN	3	NaN	NaN
1700000055.000	NaN	NaN	NaN	11	NaN
1700000055.000	NaN	NaN	3	NaN	NaN
1700000056.000	NaN	NaN	NaN	11	NaN
1700000056.000	NaN	NaN	3	NaN	NaN
1700000057.000	NaN	NaN	NaN	9	NaN
1700000057.000	NaN	NaN	3	NaN	NaN
1700000058.000	NaN	NaN	NaN	10	NaN
1700000058.000	NaN	NaN	3	NaN	NaN
1700000059.000	NaN	NaN	NaN	12	NaN
1700000059.000	NaN	NaN	3	NaN	NaN
1700000060.000	NaN	NaN	NaN	11	NaN
1700000060.000	NaN	NaN	3	NaN	NaN
1700000061.000	NaN	NaN	NaN	10	NaN
1700000061.000	NaN	NaN	3	NaN	NaN
1700000062.000	NaN	NaN	NaN	11	NaN
1700000062.000	NaN	NaN	3	NaN	NaN
1700000063.000	NaN	NaN	NaN	12	NaN
1700000063.000	NaN	NaN	3	NaN	NaN
1700000064.000	NaN	NaN	NaN	12	NaN
1700000064.000	NaN	NaN	3	NaN	NaN
1700000065.000	NaN	NaN	NaN	10	NaN
1700000065.000	NaN	NaN	3	NaN	NaN
1700000066.000	NaN	NaN	NaN	11	NaN
1700000066.000	NaN	NaN	3	NaN	NaN
1700000067.000	NaN	NaN	NaN	11	NaN
1700000067.000	NaN	NaN	3	NaN	NaN
1700000068.000	NaN	NaN	NaN	12	NaN
1700000068.000	NaN	NaN	3	NaN	NaN
1700000069.000	NaN	NaN	NaN	11	NaN
1700000069.000	NaN	NaN	3	NaN	NaN
1700000070.000	NaN	NaN	NaN	11	NaN
1700000070.000	NaN	NaN	3	NaN	NaN
1700000071.000	NaN	NaN	NaN	11	NaN
1700000071.000	NaN	NaN	3	NaN	NaN
1700000072.000	NaN	NaN	NaN	9	NaN
1700000072.000	NaN	NaN	3	NaN	NaN
1700000073.000	NaN	NaN	NaN	9	NaN
1700000073.000	NaN	NaN	3	NaN	NaN
1700000074.000	NaN	NaN	NaN	12	NaN
1700000074.000	NaN	NaN	3	NaN	NaN
1700000075.000	NaN	NaN	NaN	13	NaN
1700000075.000	NaN	NaN	3	NaN	NaN
1700000076.000	NaN	NaN	NaN	11	NaN
1700000076.000	NaN	NaN	3	NaN	NaN
1700000077.000	NaN	NaN	NaN	11	NaN
1700000077.000	NaN	NaN	3	NaN	NaN
1700000078.000	NaN	NaN	NaN	10	NaN
1700000078.000	NaN	NaN	3	NaN	NaN
1700000079.000	NaN	NaN	NaN	11	NaN
1700000079.000	NaN	NaN	3	NaN	NaN
1700000080.000	NaN	NaN	NaN	13	NaN
1700000080.000	NaN	NaN	3	NaN	NaN
1700000081.000	NaN	NaN	NaN	12	NaN
1700000081.000	NaN	NaN	3	NaN	NaN
1700000082.000	NaN	NaN	NaN	11	NaN
1700000082.000	NaN	NaN	3	NaN	NaN
1700000083.000	NaN	NaN	NaN	12	NaN
1700000083.000	NaN	NaN	3	NaN	NaN
1700000084.000	NaN	NaN	NaN	10	NaN
1700000084.000	NaN	NaN	3	NaN	NaN
1700000085.000	NaN	NaN	NaN	11	NaN
1700000085.000	NaN	NaN	3	NaN	NaN
1700000086.000	NaN	NaN	NaN	13	NaN
1700000086.000	NaN	NaN	3	NaN	NaN
1700000087.000	NaN	NaN	NaN	11	NaN
1700000087.000	NaN	NaN	3	NaN	NaN
1700000088.000	NaN	NaN	NaN	11	NaN
1700000088.000	NaN	NaN	3	NaN	NaN
1700000089.000	NaN	NaN	NaN	10	NaN
1700000089.000	NaN	NaN	3	NaN	NaN
1700000090.000	NaN	NaN	NaN	11	NaN
1700000090.000	NaN	NaN	3	NaN	NaN
1700000091.000	NaN	NaN	NaN	13	NaN
1700000091.000	NaN	NaN	3	NaN	NaN
1700000092.000	NaN	NaN	NaN	9	NaN
1700000092.000	NaN	NaN	3	NaN	NaN
1700000093.000	NaN	NaN	NaN	12	NaN
1700000093.000	NaN	NaN	3	NaN	NaN
1700000094.000	NaN	NaN	NaN	12	NaN
1700000094.000	NaN	NaN	3	NaN	NaN
1700000095.000	NaN	NaN	NaN	13	NaN
1700000095.000	NaN	NaN	3	NaN	NaN
1700000096.000	NaN	NaN	NaN	12	NaN
1700000096.000	NaN	NaN	3	NaN	NaN
1700000097.000	NaN	NaN	NaN	12	NaN
1700000097.000	NaN	NaN	3	NaN	NaN
1700000098.000	NaN	NaN	NaN	11	NaN
1700000098.000	NaN	NaN	3	NaN	NaN
1700000099.000	NaN	NaN	NaN	11	NaN
1700000099.000	NaN	NaN	3	NaN	NaN
1700000100.000	NaN	NaN	NaN	11	NaN
1700000100.000	NaN	NaN	3	NaN	NaN
1700000101.000	NaN	NaN	NaN	9	NaN
1700000101.000	NaN	NaN	3	NaN	NaN
1700000102.000	NaN	NaN	NaN	12	NaN
1700000102.000	NaN	NaN	3	NaN	NaN
1700000103.000	NaN	NaN	NaN	11	NaN
1700000103.000	NaN	NaN	3	NaN	NaN
1700000104.000	NaN	NaN	NaN	10	NaN
1700000104.000	NaN	NaN	3	NaN	NaN
1700000105.000	NaN	NaN	NaN	11	NaN
1700000105.000	NaN	NaN	3	NaN	NaN
1700000106.000	NaN	NaN	NaN	11	NaN
1700000106.000	NaN	NaN	3	NaN	NaN
1700000107.000	NaN	NaN	NaN	10	NaN
1700000107.000	NaN	NaN	3	NaN	NaN
1700000108.000	NaN	NaN	NaN	10	NaN
1700000108.000	NaN	NaN	3	NaN	NaN
1700000109.000	NaN	NaN	NaN	11	NaN
1700000109.000	NaN	NaN	3	NaN	NaN
1700000110.000	NaN	NaN	NaN	11	NaN
1700000110.000	NaN	NaN	3	NaN	NaN
1700000111.000	NaN	NaN	NaN	11	NaN
1700000111.000	NaN	NaN	3	NaN	NaN
1700000112.000	NaN	NaN	NaN	11	NaN
1700000112.000	NaN	NaN	3	NaN	NaN
1700000113.000	NaN	NaN	NaN	9	NaN
1700000113.000	NaN	NaN	3	NaN	NaN
1700000114.000	NaN	NaN	NaN	10	NaN
1700000114.000	NaN	NaN	3	NaN	NaN
1700000115.000	NaN	NaN	NaN	10	NaN
1700000115.000	NaN	NaN	3	NaN	NaN
1700000116.000	NaN	NaN	NaN	11	NaN
1700000116.000	NaN	NaN	3	NaN	NaN
1700000117.000	NaN	NaN	NaN	12	NaN
1700000117.000	NaN	NaN	3	NaN	NaN
1700000118.000	NaN	NaN	NaN	12	NaN
1700000118.000	NaN	NaN	3	NaN	NaN
1700000119.000	NaN	NaN	NaN	12	NaN
1700000119.000	NaN	NaN	3	NaN	NaN
1700000120.000	NaN	NaN	NaN	12	NaN
1700000120.000	NaN	NaN	3	NaN	NaN
1700000121.000	NaN	NaN	NaN	10	NaN
1700000121.000	NaN	NaN	3	NaN	NaN
1700000122.000	NaN	NaN	NaN	12	NaN
1700000122.000	NaN	NaN	3	NaN	NaN
1700000123.000	NaN	NaN	NaN	12	NaN
1700000123.000	NaN	NaN	3	NaN	NaN
1700000124.000	NaN	NaN	NaN	9	NaN
1700000124.000	NaN	NaN	3	NaN	NaN
1700000125.000	NaN	NaN	NaN	9	NaN
1700000125.000	NaN	NaN	3	NaN	NaN
1700000126.000	NaN	NaN	NaN	9	NaN
1700000126.000	NaN	NaN	3	NaN	NaN
1700000127.000	NaN	NaN	NaN	12	NaN
1700000127.000	NaN	NaN	3	NaN	NaN
1700000128.000	NaN	NaN	NaN	10	NaN
1700000128.000	NaN	NaN	3	NaN	NaN
1700000129.000	NaN	NaN	NaN	9	NaN
1700000129.000	NaN	NaN	3	NaN	NaN
1700000130.000	NaN	NaN	NaN	11	NaN
1700000130.000	NaN	NaN	3	NaN	NaN
1700000131.000	NaN	NaN	NaN	10	NaN
1700000131.000	NaN	NaN	3	NaN	NaN
1700000132.000	NaN	NaN	NaN	9	NaN
1700000132.000	NaN	NaN	3	NaN	NaN
1700000133.000	NaN	NaN	NaN	10	NaN
1700000133.000	NaN	NaN	3	NaN	NaN
1700000134.000	NaN	NaN	NaN	11	NaN
1700000134.000	NaN	NaN	3	NaN	NaN
1700000135.000	NaN	NaN	NaN	10	NaN
1700000135.000	NaN	NaN	3	NaN	NaN
1700000136.000	NaN	NaN	NaN	10	NaN
1700000136.000	NaN	NaN	3	NaN	NaN
1700000137.000	NaN	NaN	NaN	12	NaN
1700000137.000	NaN	NaN	3	NaN	NaN
1700000138.000	NaN	NaN	NaN	11	NaN
1700000138.000	NaN	NaN	3	NaN	NaN
1700000139.000	NaN	NaN	NaN	10	NaN
1700000139.000	NaN	NaN	3	NaN	NaN
1700000140.000	NaN	NaN	NaN	11	NaN
1700000140.000	NaN	NaN	3	NaN	NaN
1700000141.000	NaN	NaN	NaN	9	NaN
1700000141.000	NaN	NaN	3	NaN	NaN
1700000142.000	NaN	NaN	NaN	11	NaN
1700000142.000	NaN	NaN	3	NaN	NaN
1700000143.000	NaN	NaN	NaN	11	NaN
1700000143.000	NaN	NaN	3	NaN	NaN
1700000144.000	NaN	NaN	NaN	10	NaN
1700000144.000	NaN	NaN	3	NaN	NaN
1700000145.000	NaN	NaN	NaN	9	NaN
1700000145.000	NaN	NaN	3	NaN	NaN
1700000146.000	NaN	NaN	NaN	13	NaN
1700000146.000	NaN	NaN	3	NaN	NaN
1700000147.000	NaN	NaN	NaN	11	NaN
1700000147.000	NaN	NaN	3	NaN	NaN
1700000148.000	NaN	NaN	NaN	10	NaN
1700000148.000	NaN	NaN	3	NaN	NaN
1700000149.000	NaN	NaN	NaN	11	NaN
1700000149.000	NaN	NaN	3	NaN	NaN
1700000150.000	NaN	NaN	NaN	12	NaN
1700000150.000	NaN	NaN	3	NaN	NaN
1700000151.000	NaN	NaN	NaN	9	NaN
1700000151.000	NaN	NaN	3	NaN	NaN
1700000152.000	NaN	NaN	NaN	9	NaN
1700000152.000	NaN	NaN	3	NaN	NaN
1700000153.000	NaN	NaN	NaN	10	NaN
1700000153.000	NaN	NaN	3	NaN	NaN
1700000154.000	NaN	NaN	NaN	12	NaN
1700000154.000	NaN	NaN	3	NaN	NaN
1700000155.000	NaN	NaN	NaN	10	NaN
1700000155.000	NaN	NaN	3	NaN	NaN
1700000156.000	NaN	NaN	NaN	12	NaN
1700000156.000	NaN	NaN	3	NaN	NaN
1700000157.000	NaN	NaN	NaN	12	NaN
1700000157.000	NaN	NaN	3	NaN	NaN
1700000158.000	NaN	NaN	NaN	11	NaN
1700000158.000	NaN	NaN	3	NaN	NaN
1700000159.000	NaN	NaN	NaN	10	NaN
1700000159.000	NaN	NaN	3	NaN	NaN
1700000160.000	NaN	NaN	NaN	13	NaN
1700000160.000	NaN	NaN	3	NaN	NaN
1700000161.000	NaN	NaN	NaN	12	NaN
1700000161.000	NaN	NaN	3	NaN	NaN
1700000162.000	NaN	NaN	NaN	11	NaN
1700000162.000	NaN	NaN	3	NaN	NaN
1700000163.000	NaN	NaN	NaN	10	NaN
1700000163.000	NaN	NaN	3	NaN	NaN
1700000164.000	NaN	NaN	NaN	12	NaN
1700000164.000	NaN	NaN	3	NaN	NaN
1700000165.000	NaN	NaN	NaN	11	NaN
1700000165.000	NaN	NaN	3	NaN	NaN
1700000166.000	NaN	NaN	NaN	11	NaN
1700000166.000	NaN	NaN	3	NaN	NaN
1700000167.000	NaN	NaN	NaN	10	NaN
1700000167.000	NaN	NaN	3	NaN	NaN
1700000168.000	NaN	NaN	NaN	12	NaN
1700000168.000	NaN	NaN	3	NaN	NaN
1700000169.000	NaN	NaN	NaN	9	NaN
1700000169.000	NaN	NaN	3	NaN	NaN
1700000170.000	NaN	NaN	NaN	10	NaN
1700000170.000	NaN	NaN	3	NaN	NaN
1700000171.000	NaN	NaN	NaN	13	NaN
1700000171.000	NaN	NaN	3	NaN	NaN
1700000172.000	NaN	NaN	NaN	13	NaN
1700000172.000	NaN	NaN	3	NaN	NaN
1700000173.000	NaN	NaN	NaN	10	NaN
1700000173.000	NaN	NaN	3	NaN	NaN
1700000174.000	NaN	NaN	NaN	12	NaN
1700000174.000	NaN	NaN	3	NaN	NaN
1700000175.000	NaN	NaN	NaN	10	NaN
1700000175.000	NaN	NaN	3	NaN	NaN
1700000176.000	NaN	NaN	NaN	13	NaN
1700000176.000	NaN	NaN	3	NaN	NaN
1700000177.000	NaN	NaN	NaN	12	NaN
1700000177.000	NaN	NaN	3	NaN	NaN
1700000178.000	NaN	NaN	NaN	11	NaN
1700000178.000	NaN	NaN	3	NaN	NaN
1700000179.000	NaN	NaN	NaN	10	NaN
1700000179.000	NaN	NaN	3	NaN	NaN
1700000180.000	NaN	NaN	NaN	9	NaN
1700000180.000	NaN	NaN	3	NaN	NaN
1700000181.000	NaN	NaN	NaN	13	NaN
1700000181.000	NaN	NaN	3	NaN	NaN
1700000182.000	NaN	NaN	NaN	9	NaN
1700000182.000	NaN	NaN	3	NaN	NaN
1700000183.000	NaN	NaN	NaN	12	NaN
1700000183.000	NaN	NaN	3	NaN	NaN
1700000184.000	NaN	NaN	NaN	13	NaN
1700000184.000	NaN	NaN	3	NaN	NaN
1700000185.000	NaN	NaN	NaN	11	NaN
1700000185.000	NaN	NaN	3	NaN	NaN
1700000186.000	NaN	NaN	NaN	10	NaN
1700000186.000	NaN	NaN	3	NaN	NaN
1700000187.000	NaN	NaN	NaN	12	NaN
1700000187.000	NaN	NaN	3	NaN	NaN
1700000188.000	NaN	NaN	NaN	13	NaN
1700000188.000	NaN	NaN	3	NaN	NaN
1700000189.000	NaN	NaN	NaN	12	NaN
1700000189.000	NaN	NaN	3	NaN	NaN
1700000190.000	NaN	NaN	NaN	11	NaN
1700000190.000	NaN	NaN	3	NaN	NaN
1700000191.000	NaN	NaN	NaN	11	NaN
1700000191.000	NaN	NaN	3	NaN	NaN
1700000192.000	NaN	NaN	NaN	10	NaN
1700000192.000	NaN	NaN	3	NaN	NaN
1700000193.000	NaN	NaN	NaN	10	NaN
1700000193.000	NaN	NaN	3	NaN	NaN
1700000194.000	NaN	NaN	NaN	12	NaN
1700000194.000	NaN	NaN	3	NaN	NaN
1700000195.000	NaN	NaN	NaN	11	NaN
1700000195.000	NaN	NaN	3	NaN	NaN
1700000196.000	NaN	NaN	NaN	10	NaN
1700000196.000	NaN	NaN	3	NaN	NaN
1700000197.000	NaN	NaN	NaN	9	NaN
1700000197.000	NaN	NaN	3	NaN	NaN
1700000198.000	NaN	NaN	NaN	12	NaN
1700000198.000	NaN	NaN	3	NaN	NaN
1700000199.000	NaN	NaN	NaN	10	NaN
1700000199.000	NaN	NaN	3	NaN	NaN
1700000200.000	NaN	NaN	NaN	11	NaN
1700000200.000	NaN	NaN	3	NaN	NaN
1700000201.000	NaN	NaN	NaN	10	NaN
1700000201.000	NaN	NaN	3	NaN	NaN
1700000202.000	NaN	NaN	NaN	12	NaN
1700000202.000	NaN	NaN	3	NaN	NaN
1700000203.000	NaN	NaN	NaN	13	NaN
1700000203.000	NaN	NaN	3	NaN	NaN
1700000204.000	NaN	NaN	NaN	9	NaN
1700000204.000	NaN	NaN	3	NaN	NaN
1700000205.000	NaN	NaN	NaN	10	NaN
1700000205.000	NaN	NaN	3	NaN	NaN
1700000206.000	NaN	NaN	NaN	10	NaN
1700000206.000	NaN	NaN	3	NaN	NaN
1700000207.000	NaN	NaN	NaN	13	NaN
1700000207.000	NaN	NaN	3	NaN	NaN
1700000208.000	NaN	NaN	NaN	12	NaN
1700000208.000	NaN	NaN	3	NaN	NaN
1700000209.000	NaN	NaN	NaN	10	NaN
1700000209.000	NaN	NaN	3	NaN	NaN
1700000210.000	NaN	NaN	NaN	10	NaN
1700000210.000	NaN	NaN	3	NaN	NaN
1700000211.000	NaN	NaN	NaN	12	NaN
1700000211.000	NaN	NaN	3	NaN	NaN
1700000212.000	NaN	NaN	NaN	12	NaN
1700000212.000	NaN	NaN	3	NaN	NaN
1700000213.000	NaN	NaN	NaN	13	NaN
1700000213.000	NaN	NaN	3	NaN	NaN
1700000214.000	NaN	NaN	NaN	10	NaN
1700000214.000	NaN	NaN	3	NaN	NaN
1700000215.000	NaN	NaN	NaN	13	NaN
1700000215.000	NaN	NaN	3	NaN	NaN
1700000216.000	NaN	NaN	NaN	12	NaN
1700000216.000	NaN	NaN	3	NaN	NaN
1700000217.000	NaN	NaN	NaN	11	NaN
1700000217.000	NaN	NaN	3	NaN	NaN
1700000218.000	NaN	NaN	NaN	13	NaN
1700000218.000	NaN	NaN	3	NaN	NaN
1700000219.000	NaN	NaN	NaN	10	NaN
1700000219.000	NaN	NaN	3	NaN	NaN
1700000220.000	NaN	NaN	NaN	12	NaN
1700000220.000	NaN	NaN	3	NaN	NaN
1700000221.000	NaN	NaN	NaN	9	NaN
1700000221.000	NaN	NaN	3	NaN	NaN
1700000222.000	NaN	NaN	NaN	10	NaN
1700000222.000	NaN	NaN	3	NaN	NaN
1700000223.000	NaN	NaN	NaN	13	NaN
1700000223.000	NaN	NaN	3	NaN	NaN
1700000224.000	NaN	NaN	NaN	10	NaN
1700000224.000	NaN	NaN	3	NaN	NaN
1700000225.000	NaN	NaN	NaN	12	NaN
1700000225.000	NaN	NaN	3	NaN	NaN
1700000226.000	NaN	NaN	NaN	11	NaN
1700000226.000	NaN	NaN	3	NaN	NaN
1700000227.000	NaN	NaN	NaN	12	NaN
1700000227.000	NaN	NaN	3	NaN	NaN
1700000228.000	NaN	NaN	NaN	10	NaN
1700000228.000	NaN	NaN	3	NaN	NaN
1700000229.000	NaN	NaN	NaN	10	NaN
1700000229.000	NaN	NaN	3	NaN	NaN
1700000230.000	NaN	NaN	NaN	10	NaN
1700000230.000	NaN	NaN	3	NaN	NaN
1700000231.000	NaN	NaN	NaN	12	NaN
1700000231.000	NaN	NaN	3	NaN	NaN
1700000232.000	NaN	NaN	NaN	11	NaN
1700000232.000	NaN	NaN	3	NaN	NaN
1700000233.000	NaN	NaN	NaN	13	NaN
1700000233.000	NaN	NaN	3	NaN	NaN
1700000234.000	NaN	NaN	NaN	13	NaN
1700000234.000	NaN	NaN	3	NaN	NaN
1700000235.000	NaN	NaN	NaN	10	NaN
1700000235.000	NaN	NaN	3	NaN	NaN
1700000236.000	NaN	NaN	NaN	11	NaN
1700000236.000	NaN	NaN	3	NaN	NaN
1700000237.000	NaN	NaN	NaN	9	NaN
1700000237.000	NaN	NaN	3	NaN	NaN
1700000238.000	NaN	NaN	NaN	9	NaN
1700000238.000	NaN	NaN	3	NaN	NaN
1700000239.000	NaN	NaN	NaN	9	NaN
1700000239.000	NaN	NaN	3	NaN	NaN
1700000240.000	NaN	NaN	NaN	12	NaN
1700000240.000	NaN	NaN	3	NaN	NaN
1700000241.000	NaN	NaN	NaN	12	NaN
1700000241.000	NaN	NaN	3	NaN	NaN
1700000242.000	NaN	NaN	NaN	12	NaN
1700000242.000	NaN	NaN	3	NaN	NaN
1700000243.000	NaN	NaN	NaN	10	NaN
1700000243.000	NaN	NaN	3	NaN	NaN
1700000244.000	NaN	NaN	NaN	11	NaN
1700000244.000	NaN	NaN	3	NaN	NaN
1700000245.000	NaN	NaN	NaN	12	NaN
1700000245.000	NaN	NaN	3	NaN	NaN
1700000246.000	NaN	NaN	NaN	11	NaN
1700000246.000	NaN	NaN	3	NaN	NaN
1700000247.000	NaN	NaN	NaN	11	NaN
1700000247.000	NaN	NaN	3	NaN	NaN
1700000248.000	NaN	NaN	NaN	10	NaN
1700000248.000	NaN	NaN	3	NaN	NaN
1700000249.000	NaN	NaN	NaN	9	NaN
1700000249.000	NaN	NaN	3	NaN	NaN
1700000250.000	NaN	NaN	NaN	10	NaN
1700000250.000	NaN	NaN	3	NaN	NaN
1700000251.000	NaN	NaN	NaN	13	NaN
1700000251.000	NaN	NaN	3	NaN	NaN
1700000252.000	NaN	NaN	NaN	11	NaN
1700000252.000	NaN	NaN	3	NaN	NaN
1700000253.000	NaN	NaN	NaN	13	NaN
1700000253.000	NaN	NaN	3	NaN	NaN
1700000254.000	NaN	NaN	NaN	11	NaN
1700000254.000	NaN	NaN	3	NaN	NaN
1700000255.000	NaN	NaN	NaN	10	NaN
1700000255.000	NaN	NaN	3	NaN	NaN
1700000256.000	NaN	NaN	NaN	12	NaN
1700000256.000	NaN	NaN	3	NaN	NaN
1700000257.000	NaN	NaN	NaN	12	NaN
1700000257.000	NaN	NaN	3	NaN	NaN
1700000258.000	NaN	NaN	NaN	9	NaN
1700000258.000	NaN	NaN	3	NaN	NaN
1700000259.000	NaN	NaN	NaN	12	NaN
1700000259.000	NaN	NaN	3	NaN	NaN
1700000260.000	NaN	NaN	NaN	9	NaN
1700000260.000	NaN	NaN	3	NaN	NaN
1700000261.000	NaN	NaN	NaN	9	NaN
1700000261.000	NaN	NaN	3	NaN	NaN
1700000262.000	NaN	NaN	NaN	13	NaN
1700000262.000	NaN	NaN	3	NaN	NaN
1700000263.000	NaN	NaN	NaN	9	NaN
1700000263.000	NaN	NaN	3	NaN	NaN
1700000264.000	NaN	NaN	NaN	10	NaN
1700000264.000	NaN	NaN	3	NaN	NaN
1700000265.000	NaN	NaN	NaN	13	NaN
1700000265.000	NaN	NaN	3	NaN	NaN
1700000266.000	NaN	NaN	NaN	11	NaN
1700000266.000	NaN	NaN	3	NaN	NaN
1700000267.000	NaN	NaN	NaN	9	NaN
1700000267.000	NaN	NaN	3	NaN	NaN
1700000268.000	NaN	NaN	NaN	10	NaN
1700000268.000	NaN	NaN	3	NaN	NaN
1700000269.000	NaN	NaN	NaN	10	NaN
1700000269.000	NaN	NaN	3	NaN	NaN
1700000270.000	NaN	NaN	NaN	12	NaN
1700000270.000	NaN	NaN	3	NaN	NaN
1700000271.000	NaN	NaN	NaN	9	NaN
1700000271.000	NaN	NaN	3	NaN	NaN
1700000272.000	NaN	NaN	NaN	13	NaN
1700000272.000	NaN	NaN	3	NaN	NaN
1700000273.000	NaN	NaN	NaN	11	NaN
1700000273.000	NaN	NaN	3	NaN	NaN
1700000274.000	NaN	NaN	NaN	13	NaN
1700000274.000	NaN	NaN	3	NaN	NaN
1700000275.000	NaN	NaN	NaN	13	NaN
1700000275.000	NaN	NaN	3	NaN	NaN
1700000276.000	NaN	NaN	NaN	10	NaN
1700000276.000	NaN	NaN	3	NaN	NaN
1700000277.000	NaN	NaN	NaN	10	NaN
1700000277.000	NaN	NaN	3	NaN	NaN
1700000278.000	NaN	NaN	NaN	11	NaN
1700000278.000	NaN	NaN	3	NaN	NaN
1700000279.000	NaN	NaN	NaN	9	NaN
1700000279.000	NaN	NaN	3	NaN	NaN
1700000280.000	NaN	NaN	NaN	12	NaN
1700000280.000	NaN	NaN	3	NaN	NaN
1700000281.000	NaN	NaN	NaN	9	NaN
1700000281.000	NaN	NaN	3	NaN	NaN
1700000282.000	NaN	NaN	NaN	9	NaN
1700000282.000	NaN	NaN	3	NaN	NaN
1700000283.000	NaN	NaN	NaN	13	NaN
1700000283.000	NaN	NaN	3	NaN	NaN
1700000284.000	NaN	NaN	NaN	10	NaN
1700000284.000	NaN	NaN	3	NaN	NaN
1700000285.000	NaN	NaN	NaN	11	NaN
1700000285.000	NaN	NaN	3	NaN	NaN
1700000286.000	NaN	NaN	NaN	11	NaN
1700000286.000	NaN	NaN	3	NaN	NaN
1700000287.000	NaN	NaN	NaN	10	NaN
1700000287.000	NaN	NaN	3	NaN	NaN
1700000288.000	NaN	NaN	NaN	9	NaN
1700000288.000	NaN	NaN	3	NaN	NaN
1700000289.000	NaN	NaN	NaN	13	NaN
1700000289.000	NaN	NaN	3	NaN	NaN
1700000290.000	NaN	NaN	NaN	13	NaN
1700000290.000	NaN	NaN	3	NaN	NaN
1700000291.000	NaN	NaN	NaN	13	NaN
1700000291.000	NaN	NaN	3	NaN	NaN
1700000292.000	NaN	NaN	NaN	9	NaN
1700000292.000	NaN	NaN	3	NaN	NaN
1700000293.000	NaN	NaN	NaN	10	NaN
1700000293.000	NaN	NaN	3	NaN	NaN
1700000294.000	NaN	NaN	NaN	11	NaN
1700000294.000	NaN	NaN	3	NaN	NaN
1700000295.000	NaN	NaN	NaN	13	NaN
1700000295.000	NaN	NaN	3	NaN	NaN
1700000296.000	NaN	NaN	NaN	11	NaN
1700000296.000	NaN	NaN	3	NaN	NaN
1700000297.000	NaN	NaN	NaN	12	NaN
1700000297.000	NaN	NaN	3	NaN	NaN
1700000298.000	NaN	NaN	NaN	12	NaN
1700000298.000	NaN	NaN	3	NaN	NaN
1700000299.000	NaN	NaN	NaN	10	NaN
1700000299.000	NaN	NaN	3	NaN	NaN
1700000300.000	NaN	NaN	NaN	11	NaN
1700000300.000	NaN	NaN	3	NaN	NaN
1700000301.000	NaN	NaN	NaN	10	NaN
1700000301.000	NaN	NaN	3	NaN	NaN
1700000302.000	NaN	NaN	NaN	10	NaN
1700000302.000	NaN	NaN	3	NaN	NaN
1700000303.000	NaN	NaN	NaN	9	NaN
1700000303.000	NaN	NaN	3	NaN	NaN
1700000304.000	NaN	NaN	NaN	10	NaN
1700000304.000	NaN	NaN	3	NaN	NaN
1700000305.000	NaN	NaN	NaN	13	NaN
1700000305.000	NaN	NaN	3	NaN	NaN
1700000306.000	NaN	NaN	NaN	11	NaN
1700000306.000	NaN	NaN	3	NaN	NaN
1700000307.000	NaN	NaN	NaN	12	NaN
1700000307.000	NaN	NaN	3	NaN	NaN
1700000308.000	NaN	NaN	NaN	12	NaN
1700000308.000	NaN	NaN	3	NaN	NaN
1700000309.000	NaN	NaN	NaN	13	NaN
1700000309.000	NaN	NaN	3	NaN	NaN
1700000310.000	NaN	NaN	NaN	11	NaN
1700000310.000	NaN	NaN	3	NaN	NaN
1700000311.000	NaN	NaN	NaN	10	NaN
1700000311.000	NaN	NaN	3	NaN	NaN
1700000312.000	NaN	NaN	NaN	10	NaN
1700000312.000	NaN	NaN	3	NaN	NaN
1700000313.000	NaN	NaN	NaN	10	NaN
1700000313.000	NaN	NaN	3	NaN	NaN
1700000314.000	NaN	NaN	NaN	12	NaN
1700000314.000	NaN	NaN	3	NaN	NaN
1700000315.000	NaN	NaN	NaN	13	NaN
1700000315.000	NaN	NaN	3	NaN	NaN
1700000316.000	NaN	NaN	NaN	10	NaN
1700000316.000	NaN	NaN	3	NaN	NaN
1700000317.000	NaN	NaN	NaN	10	NaN
1700000317.000	NaN	NaN	3	NaN	NaN
1700000318.000	NaN	NaN	NaN	11	NaN
1700000318.000	NaN	NaN	3	NaN	NaN
1700000319.000	NaN	NaN	NaN	11	NaN
1700000319.000	NaN	NaN	3	NaN	NaN
1700000320.000	NaN	NaN	NaN	11	NaN
1700000320.000	NaN	NaN	3	NaN	NaN
1700000321.000	NaN	NaN	NaN	10	NaN
1700000321.000	NaN	NaN	3	NaN	NaN
1700000322.000	NaN	NaN	NaN	9	NaN
1700000322.000	NaN	NaN	3	NaN	NaN
1700000323.000	NaN	NaN	NaN	10	NaN
1700000323.000	NaN	NaN	3	NaN	NaN
1700000324.000	NaN	NaN	NaN	9	NaN
1700000324.000	NaN	NaN	3	NaN	NaN
1700000325.000	NaN	NaN	NaN	11	NaN
1700000325.000	NaN	NaN	3	NaN	NaN
1700000326.000	NaN	NaN	NaN	9	NaN
1700000326.000	NaN	NaN	3	NaN	NaN
1700000327.000	NaN	NaN	NaN	9	NaN
1700000327.000	NaN	NaN	3	NaN	NaN
1700000328.000	NaN	NaN	NaN	12	NaN
1700000328.000	NaN	NaN	3	NaN	NaN
1700000329.000	NaN	NaN	NaN	10	NaN
1700000329.000	NaN	NaN	3	NaN	NaN
1700000330.000	NaN	NaN	NaN	12	NaN
1700000330.000	NaN	NaN	3	NaN	NaN
1700000331.000	NaN	NaN	NaN	11	NaN
1700000331.000	NaN	NaN	3	NaN	NaN
1700000332.000	NaN	NaN	NaN	12	NaN
1700000332.000	NaN	NaN	3	NaN	NaN
1700000333.000	NaN	NaN	NaN	10	NaN
1700000333.000	NaN	NaN	3	NaN	NaN
1700000334.000	NaN	NaN	NaN	11	NaN
1700000334.000	NaN	NaN	3	NaN	NaN
1700000335.000	NaN	NaN	NaN	12	NaN
1700000335.000	NaN	NaN	3	NaN	NaN
1700000336.000	NaN	NaN	NaN	9	NaN
1700000336.000	NaN	NaN	3	NaN	NaN
1700000337.000	NaN	NaN	NaN	13	NaN
1700000337.000	NaN	NaN	3	NaN	NaN
1700000338.000	NaN	NaN	NaN	10	NaN
1700000338.000	NaN	NaN	3	NaN	NaN
1700000339.000	NaN	NaN	NaN	12	NaN
1700000339.000	NaN	NaN	3	NaN	NaN
1700000340.000	NaN	NaN	NaN	13	NaN
1700000340.000	NaN	NaN	3	NaN	NaN
1700000341.000	NaN	NaN	NaN	12	NaN
1700000341.000	NaN	NaN	3	NaN	NaN
1700000342.000	NaN	NaN	NaN	10	NaN
1700000342.000	NaN	NaN	3	NaN	NaN
1700000343.000	NaN	NaN	NaN	9	NaN
1700000343.000	NaN	NaN	3	NaN	NaN
1700000344.000	NaN	NaN	NaN	11	NaN
1700000344.000	NaN	NaN	3	NaN	NaN
1700000345.000	NaN	NaN	NaN	13	NaN
1700000345.000	NaN	NaN	3	NaN	NaN
1700000346.000	NaN	NaN	NaN	10	NaN
1700000346.000	NaN	NaN	3	NaN	NaN
1700000347.000	NaN	NaN	NaN	13	NaN
1700000347.000	NaN	NaN	3	NaN	NaN
1700000348.000	NaN	NaN	NaN	10	NaN
1700000348.000	NaN	NaN	3	NaN	NaN
1700000349.000	NaN	NaN	NaN	13	NaN
1700000349.000	NaN	NaN	3	NaN	NaN
1700000350.000	NaN	NaN	NaN	9	NaN
1700000350.000	NaN	NaN	3	NaN	NaN
1700000351.000	NaN	NaN	NaN	10	NaN
1700000351.000	NaN	NaN	3	NaN	NaN
1700000352.000	NaN	NaN	NaN	13	NaN
1700000352.000	NaN	NaN	3	NaN	NaN
1700000353.000	NaN	NaN	NaN	12	NaN
1700000353.000	NaN	NaN	3	NaN	NaN
1700000354.000	NaN	NaN	NaN	13	NaN
1700000354.000	NaN	NaN	3	NaN	NaN
1700000355.000	NaN	NaN	NaN	12	NaN
1700000355.000	NaN	NaN	3	NaN	NaN
1700000356.000	NaN	NaN	NaN	12	NaN
1700000356.000	NaN	NaN	3	NaN	NaN
1700000357.000	NaN	NaN	NaN	12	NaN
1700000357.000	NaN	NaN	3	NaN	NaN
1700000358.000	NaN	NaN	NaN	10	NaN
1700000358.000	NaN	NaN	3	NaN	NaN
1700000359.000	NaN	NaN	NaN	11	NaN
1700000359.000	NaN	NaN	3	NaN	NaN
1700000360.000	NaN	NaN	NaN	10	NaN
1700000360.000	NaN	NaN	3	NaN	NaN
1700000361.000	NaN	NaN	NaN	12	NaN
1700000361.000	NaN	NaN	3	NaN	NaN
1700000362.000	NaN	NaN	NaN	12	NaN
1700000362.000	NaN	NaN	3	NaN	NaN
1700000363.000	NaN	NaN	NaN	10	NaN
1700000363.000	NaN	NaN	3	NaN	NaN
1700000364.000	NaN	NaN	NaN	9	NaN
1700000364.000	NaN	NaN	3	NaN	NaN
1700000365.000	NaN	NaN	NaN	13	NaN
1700000365.000	NaN	NaN	3	NaN	NaN
1700000366.000	NaN	NaN	NaN	12	NaN
1700000366.000	NaN	NaN	3	NaN	NaN
1700000367.000	NaN	NaN	NaN	11	NaN
1700000367.000	NaN	NaN	3	NaN	NaN
1700000368.000	NaN	NaN	NaN	11	NaN
1700000368.000	NaN	NaN	3	NaN	NaN
1700000369.000	NaN	NaN	NaN	12	NaN
1700000369.000	NaN	NaN	3	NaN	NaN
1700000370.000	NaN	NaN	NaN	11	NaN
1700000370.000	NaN	NaN	3	NaN	NaN
1700000371.000	NaN	NaN	NaN	11	NaN
1700000371.000	NaN	NaN	3	NaN	NaN
1700000372.000	NaN	NaN	NaN	10	NaN
1700000372.000	NaN	NaN	3	NaN	NaN
1700000373.000	NaN	NaN	NaN	10	NaN
1700000373.000	NaN	NaN	3	NaN	NaN
1700000374.000	NaN	NaN	NaN	9	NaN
1700000374.000	NaN	NaN	3	NaN	NaN
1700000375.000	NaN	NaN	NaN	12	NaN
1700000375.000	NaN	NaN	3	NaN	NaN
1700000376.000	NaN	NaN	NaN	11	NaN
1700000376.000	NaN	NaN	3	NaN	NaN
1700000377.000	NaN	NaN	NaN	11	NaN
1700000377.000	NaN	NaN	3	NaN	NaN
1700000378.000	NaN	NaN	NaN	9	NaN
1700000378.000	NaN	NaN	3	NaN	NaN
1700000379.000	NaN	NaN	NaN	10	NaN
1700000379.000	NaN	NaN	3	NaN	NaN
1700000380.000	NaN	NaN	NaN	10	NaN
1700000380.000	NaN	NaN	3	NaN	NaN
1700000381.000	NaN	NaN	NaN	10	NaN
1700000381.000	NaN	NaN	3	NaN	NaN
1700000382.000	NaN	NaN	NaN	10	NaN
1700000382.000	NaN	NaN	3	NaN	NaN
1700000383.000	NaN	NaN	NaN	12	NaN
1700000383.000	NaN	NaN	3	NaN	NaN
1700000384.000	NaN	NaN	NaN	11	NaN
1700000384.000	NaN	NaN	3	NaN	NaN
1700000385.000	NaN	NaN	NaN	11	NaN
1700000385.000	NaN	NaN	3	NaN	NaN
1700000386.000	NaN	NaN	NaN	11	NaN
1700000386.000	NaN	NaN	3	NaN	NaN
1700000387.000	NaN	NaN	NaN	10	NaN
1700000387.000	NaN	NaN	3	NaN	NaN
1700000388.000	NaN	NaN	NaN	9	NaN
1700000388.000	NaN	NaN	3	NaN	NaN
1700000389.000	NaN	NaN	NaN	11	NaN
1700000389.000	NaN	NaN	3	NaN	NaN
1700000390.000	NaN	NaN	NaN	11	NaN
1700000390.000	NaN	NaN	3	NaN	NaN
1700000391.000	NaN	NaN	NaN	12	NaN
1700000391.000	NaN	NaN	3	NaN	NaN
1700000392.000	NaN	NaN	NaN	11	NaN
1700000392.000	NaN	NaN	3	NaN	NaN
1700000393.000	NaN	NaN	NaN	12	NaN
1700000393.000	NaN	NaN	3	NaN	NaN
1700000394.000	NaN	NaN	NaN	12	NaN
1700000394.000	NaN	NaN	3	NaN	NaN
1700000395.000	NaN	NaN	NaN	10	NaN
1700000395.000	NaN	NaN	3	NaN	NaN
1700000396.000	NaN	NaN	NaN	11	NaN
1700000396.000	NaN	NaN	3	NaN	NaN
1700000397.000	NaN	NaN	NaN	11	NaN
1700000397.000	NaN	NaN	3	NaN	NaN
1700000398.000	NaN	NaN	NaN	10	NaN
1700000398.000	NaN	NaN	3	NaN	NaN
1700000399.000	NaN	NaN	NaN	11	NaN
1700000399.000	NaN	NaN	3	NaN	NaN
1700000400.000	NaN	NaN	NaN	11	NaN
1700000400.000	NaN	NaN	3	NaN	NaN
1700000401.000	NaN	NaN	NaN	13	NaN
1700000401.000	NaN	NaN	3	NaN	NaN
1700000402.000	NaN	NaN	NaN	13	NaN
1700000402.000	NaN	NaN	3	NaN	NaN
1700000403.000	NaN	NaN	NaN	10	NaN
1700000403.000	NaN	NaN	3	NaN	NaN
1700000404.000	NaN	NaN	NaN	12	NaN
1700000404.000	NaN	NaN	3	NaN	NaN
1700000405.000	NaN	NaN	NaN	9	NaN
1700000405.000	NaN	NaN	3	NaN	NaN
1700000406.000	NaN	NaN	NaN	9	NaN
1700000406.000	NaN	NaN	3	NaN	NaN
1700000407.000	NaN	NaN	NaN	11	NaN
1700000407.000	NaN	NaN	3	NaN	NaN
1700000408.000	NaN	NaN	NaN	13	NaN
1700000408.000	NaN	NaN	3	NaN	NaN
1700000409.000	NaN	NaN	NaN	10	NaN
1700000409.000	NaN	NaN	3	NaN	NaN
1700000410.000	NaN	NaN	NaN	12	NaN
1700000410.000	NaN	NaN	3	NaN	NaN
1700000411.000	NaN	NaN	NaN	13	NaN
1700000411.000	NaN	NaN	3	NaN	NaN
1700000412.000	NaN	NaN	NaN	10	NaN
1700000412.000	NaN	NaN	3	NaN	NaN
1700000413.000	NaN	NaN	NaN	12	NaN
1700000413.000	NaN	NaN	3	NaN	NaN
1700000414.000	NaN	NaN	NaN	12	NaN
1700000414.000	NaN	NaN	3	NaN	NaN
1700000415.000	NaN	NaN	NaN	10	NaN
1700000415.000	NaN	NaN	3	NaN	NaN
1700000416.000	NaN	NaN	NaN	12	NaN
1700000416.000	NaN	NaN	3	NaN	NaN
1700000417.000	NaN	NaN	NaN	12	NaN
1700000417.000	NaN	NaN	3	NaN	NaN
1700000418.000	NaN	NaN	NaN	11	NaN
1700000418.000	NaN	NaN	3	NaN	NaN
1700000419.000	NaN	NaN	NaN	12	NaN
1700000419.000	NaN	NaN	3	NaN	NaN
1700000420.000	NaN	NaN	NaN	13	NaN
1700000420.000	NaN	NaN	3	NaN	NaN
1700000421.000	NaN	NaN	NaN	13	NaN
1700000421.000	NaN	NaN	3	NaN	NaN
1700000422.000	NaN	NaN	NaN	11	NaN
1700000422.000	NaN	NaN	3	NaN	NaN
1700000423.000	NaN	NaN	NaN	10	NaN
1700000423.000	NaN	NaN	3	NaN	NaN
1700000424.000	NaN	NaN	NaN	10	NaN
1700000424.000	NaN	NaN	3	NaN	NaN
1700000425.000	NaN	NaN	NaN	10	NaN
1700000425.000	NaN	NaN	3	NaN	NaN
1700000426.000	NaN	NaN	NaN	11	NaN
1700000426.000	NaN	NaN	3	NaN	NaN
1700000427.000	NaN	NaN	NaN	12	NaN
1700000427.000	NaN	NaN	3	NaN	NaN
1700000428.000	NaN	NaN	NaN	9	NaN
1700000428.000	NaN	NaN	3	NaN	NaN
1700000429.000	NaN	NaN	NaN	12	NaN
1700000429.000	NaN	NaN	3	NaN	NaN
1700000430.000	NaN	NaN	NaN	12	NaN
1700000430.000	NaN	NaN	3	NaN	NaN
1700000431.000	NaN	NaN	NaN	10	NaN
1700000431.000	NaN	NaN	3	NaN	NaN
1700000432.000	NaN	NaN	NaN	11	NaN
1700000432.000	NaN	NaN	3	NaN	NaN
1700000433.000	NaN	NaN	NaN	10	NaN
1700000433.000	NaN	NaN	3	NaN	NaN
1700000434.000	NaN	NaN	NaN	12	NaN
1700000434.000	NaN	NaN	3	NaN	NaN
1700000435.000	NaN	NaN	NaN	9	NaN
1700000435.000	NaN	NaN	3	NaN	NaN
1700000436.000	NaN	NaN	NaN	13	NaN
1700000436.000	NaN	NaN	3	NaN	NaN
1700000437.000	NaN	NaN	NaN	12	NaN
1700000437.000	NaN	NaN	3	NaN	NaN
1700000438.000	NaN	NaN	NaN	12	NaN
1700000438.000	NaN	NaN	3	NaN	NaN
1700000439.000	NaN	NaN	NaN	10	NaN
1700000439.000	NaN	NaN	3	NaN	NaN
1700000440.000	NaN	NaN	NaN	13	NaN
1700000440.000	NaN	NaN	3	NaN	NaN
1700000441.000	NaN	NaN	NaN	13	NaN
1700000441.000	NaN	NaN	3	NaN	NaN
1700000442.000	NaN	NaN	NaN	10	NaN
1700000442.000	NaN	NaN	3	NaN	NaN
1700000443.000	NaN	NaN	NaN	12	NaN
1700000443.000	NaN	NaN	3	NaN	NaN
1700000444.000	NaN	NaN	NaN	12	NaN
1700000444.000	NaN	NaN	3	NaN	NaN
1700000445.000	NaN	NaN	NaN	12	NaN
1700000445.000	NaN	NaN	3	NaN	NaN
1700000446.000	NaN	NaN	NaN	12	NaN
1700000446.000	NaN	NaN	3	NaN	NaN
1700000447.000	NaN	NaN	NaN	11	NaN
1700000447.000	NaN	NaN	3	NaN	NaN
1700000448.000	NaN	NaN	NaN	13	NaN
1700000448.000	NaN	NaN	3	NaN	NaN
1700000449.000	NaN	NaN	NaN	13	NaN
1700000449.000	NaN	NaN	3	NaN	NaN
1700000450.000	NaN	NaN	NaN	11	NaN
1700000450.000	NaN	NaN	3	NaN	NaN
1700000451.000	NaN	NaN	NaN	12	NaN
1700000451.000	NaN	NaN	3	NaN	NaN
1700000452.000	NaN	NaN	NaN	11	NaN
1700000452.000	NaN	NaN	3	NaN	NaN
1700000453.000	NaN	NaN	NaN	10	NaN
1700000453.000	NaN	NaN	3	NaN	NaN
1700000454.000	NaN	NaN	NaN	10	NaN
1700000454.000	NaN	NaN	3	NaN	NaN
1700000455.000	NaN	NaN	NaN	10	NaN
1700000455.000	NaN	NaN	3	NaN	NaN
1700000456.000	NaN	NaN	NaN	13	NaN
1700000456.000	NaN	NaN	3	NaN	NaN
1700000457.000	NaN	NaN	NaN	13	NaN
1700000457.000	NaN	NaN	3	NaN	NaN
1700000458.000	NaN	NaN	NaN	9	NaN
1700000458.000	NaN	NaN	3	NaN	NaN
1700000459.000	NaN	NaN	NaN	11	NaN
1700000459.000	NaN	NaN	3	NaN	NaN
1700000460.000	NaN	NaN	NaN	11	NaN
1700000460.000	NaN	NaN	3	NaN	NaN
1700000461.000	NaN	NaN	NaN	9	NaN
1700000461.000	NaN	NaN	3	NaN	NaN
1700000462.000	NaN	NaN	NaN	10	NaN
1700000462.000	NaN	NaN	3	NaN	NaN
1700000463.000	NaN	NaN	NaN	10	NaN
1700000463.000	NaN	NaN	3	NaN	NaN
1700000464.000	NaN	NaN	NaN	12	NaN
1700000464.000	NaN	NaN	3	NaN	NaN
1700000465.000	NaN	NaN	NaN	9	NaN
1700000465.000	NaN	NaN	3	NaN	NaN
1700000466.000	NaN	NaN	NaN	10	NaN
1700000466.000	NaN	NaN	3	NaN	NaN
1700000467.000	NaN	NaN	NaN	11	NaN
1700000467.000	NaN	NaN	3	NaN	NaN
1700000468.000	NaN	NaN	NaN	9	NaN
1700000468.000	NaN	NaN	3	NaN	NaN
1700000469.000	NaN	NaN	NaN	12	NaN
1700000469.000	NaN	NaN	3	NaN	NaN
1700000470.000	NaN	NaN	NaN	11	NaN
1700000470.000	NaN	NaN	3	NaN	NaN
1700000471.000	NaN	NaN	NaN	12	NaN
1700000471.000	NaN	NaN	3	NaN	NaN
1700000472.000	NaN	NaN	NaN	10	NaN
1700000472.000	NaN	NaN	3	NaN	NaN
1700000473.000	NaN	NaN	NaN	10	NaN
1700000473.000	NaN	NaN	3	NaN	NaN
1700000474.000	NaN	NaN	NaN	11	NaN
1700000474.000	NaN	NaN	3	NaN	NaN
1700000475.000	NaN	NaN	NaN	10	NaN
1700000475.000	NaN	NaN	3	NaN	NaN
1700000476.000	NaN	NaN	NaN	11	NaN
1700000476.000	NaN	NaN	3	NaN	NaN
1700000477.000	NaN	NaN	NaN	10	NaN
1700000477.000	NaN	NaN	3	NaN	NaN
1700000478.000	NaN	NaN	NaN	12	NaN
1700000478.000	NaN	NaN	3	NaN	NaN
1700000479.000	NaN	NaN	NaN	12	NaN
1700000479.000	NaN	NaN	3	NaN	NaN
1700000480.000	NaN	NaN	NaN	12	NaN
1700000480.000	NaN	NaN	3	NaN	NaN
1700000481.000	NaN	NaN	NaN	13	NaN
1700000481.000	NaN	NaN	3	NaN	NaN
1700000482.000	NaN	NaN	NaN	11	NaN
1700000482.000	NaN	NaN	3	NaN	NaN
1700000483.000	NaN	NaN	NaN	11	NaN
1700000483.000	NaN	NaN	3	NaN	NaN
1700000484.000	NaN	NaN	NaN	12	NaN
1700000484.000	NaN	NaN	3	NaN	NaN
1700000485.000	NaN	NaN	NaN	12	NaN
1700000485.000	NaN	NaN	3	NaN	NaN
1700000486.000	NaN	NaN	NaN	11	NaN
1700000486.000	NaN	NaN	3	NaN	NaN
1700000487.000	NaN	NaN	NaN	11	NaN
1700000487.000	NaN	NaN	3	NaN	NaN
1700000488.000	NaN	NaN	NaN	10	NaN
1700000488.000	NaN	NaN	3	NaN	NaN
1700000489.000	NaN	NaN	NaN	9	NaN
1700000489.000	NaN	NaN	3	NaN	NaN
1700000490.000	NaN	NaN	NaN	12	NaN
1700000490.000	NaN	NaN	3	NaN	NaN
1700000491.000	NaN	NaN	NaN	9	NaN
1700000491.000	NaN	NaN	3	NaN	NaN
1700000492.000	NaN	NaN	NaN	12	NaN
1700000492.000	NaN	NaN	3	NaN	NaN
1700000493.000	NaN	NaN	NaN	11	NaN
1700000493.000	NaN	NaN	3	NaN	NaN
1700000494.000	NaN	NaN	NaN	13	NaN
1700000494.000	NaN	NaN	3	NaN	NaN
1700000495.000	NaN	NaN	NaN	12	NaN
1700000495.000	NaN	NaN	3	NaN	NaN
1700000496.000	NaN	NaN	NaN	13	NaN
1700000496.000	NaN	NaN	3	NaN	NaN
1700000497.000	NaN	NaN	NaN	10	NaN
1700000497.000	NaN	NaN	3	NaN	NaN
1700000498.000	NaN	NaN	NaN	11	NaN
1700000498.000	NaN	NaN	3	NaN	NaN
1700000499.000	NaN	NaN	NaN	11	NaN
1700000499.000	NaN	NaN	3	NaN	NaN
1700000500.000	NaN	NaN	NaN	10	NaN
1700000500.000	NaN	NaN	3	NaN	NaN
1700000501.000	NaN	NaN	NaN	11	NaN
1700000501.000	NaN	NaN	3	NaN	NaN
1700000502.000	NaN	NaN	NaN	10	NaN
1700000502.000	NaN	NaN	3	NaN	NaN
1700000503.000	NaN	NaN	NaN	11	NaN
1700000503.000	NaN	NaN	3	NaN	NaN
1700000504.000	NaN	NaN	NaN	9	NaN
1700000504.000	NaN	NaN	3	NaN	NaN
1700000505.000	NaN	NaN	NaN	11	NaN
1700000505.000	NaN	NaN	3	NaN	NaN
1700000506.000	NaN	NaN	NaN	11	NaN
1700000506.000	NaN	NaN	3	NaN	NaN
1700000507.000	NaN	NaN	NaN	10	NaN
1700000507.000	NaN	NaN	3	NaN	NaN
1700000508.000	NaN	NaN	NaN	11	NaN
1700000508.000	NaN	NaN	3	NaN	NaN
1700000509.000	NaN	NaN	NaN	12	NaN
1700000509.000	NaN	NaN	3	NaN	NaN
1700000510.000	NaN	NaN	NaN	12	NaN
1700000510.000	NaN	NaN	3	NaN	NaN
1700000511.000	NaN	NaN	NaN	11	NaN
1700000511.000	NaN	NaN	3	NaN	NaN
1700000512.000	NaN	NaN	NaN	12	NaN
1700000512.000	NaN	NaN	3	NaN	NaN
1700000513.000	NaN	NaN	NaN	11	NaN
1700000513.000	NaN	NaN	3	NaN	NaN
1700000514.000	NaN	NaN	NaN	10	NaN
1700000514.000	NaN	NaN	3	NaN	NaN
1700000515.000	NaN	NaN	NaN	9	NaN
1700000515.000	NaN	NaN	3	NaN	NaN
1700000516.000	NaN	NaN	NaN	10	NaN
1700000516.000	NaN	NaN	3	NaN	NaN
1700000517.000	NaN	NaN	NaN	11	NaN
1700000517.000	NaN	NaN	3	NaN	NaN
1700000518.000	NaN	NaN	NaN	13	NaN
1700000518.000	NaN	NaN	3	NaN	NaN
1700000519.000	NaN	NaN	NaN	12	NaN
1700000519.000	NaN	NaN	3	NaN	NaN
1700000520.000	NaN	NaN	NaN	11	NaN
1700000520.000	NaN	NaN	3	NaN	NaN
1700000521.000	NaN	NaN	NaN	13	NaN
1700000521.000	NaN	NaN	3	NaN	NaN
1700000522.000	NaN	NaN	NaN	11	NaN
1700000522.000	NaN	NaN	3	NaN	NaN
1700000523.000	NaN	NaN	NaN	12	NaN
1700000523.000	NaN	NaN	3	NaN	NaN
1700000524.000	NaN	NaN	NaN	11	NaN
1700000524.000	NaN	NaN	3	NaN	NaN
1700000525.000	NaN	NaN	NaN	12	NaN
1700000525.000	NaN	NaN	3	NaN	NaN
1700000526.000	NaN	NaN	NaN	13	NaN
1700000526.000	NaN	NaN	3	NaN	NaN
1700000527.000	NaN	NaN	NaN	10	NaN
1700000527.000	NaN	NaN	3	NaN	NaN
1700000528.000	NaN	NaN	NaN	10	NaN
1700000528.000	NaN	NaN	3	NaN	NaN
1700000529.000	NaN	NaN	NaN	11	NaN
1700000529.000	NaN	NaN	3	NaN	NaN
1700000530.000	NaN	NaN	NaN	11	NaN
1700000530.000	NaN	NaN	3	NaN	NaN
1700000531.000	NaN	NaN	NaN	10	NaN
1700000531.000	NaN	NaN	3	NaN	NaN
1700000532.000	NaN	NaN	NaN	9	NaN
1700000532.000	NaN	NaN	3	NaN	NaN
1700000533.000	NaN	NaN	NaN	11	NaN
1700000533.000	NaN	NaN	3	NaN	NaN
1700000534.000	NaN	NaN	NaN	11	NaN
1700000534.000	NaN	NaN	3	NaN	NaN
1700000535.000	NaN	NaN	NaN	11	NaN
1700000535.000	NaN	NaN	3	NaN	NaN
1700000536.000	NaN	NaN	NaN	12	NaN
1700000536.000	NaN	NaN	3	NaN	NaN
1700000537.000	NaN	NaN	NaN	11	NaN
1700000537.000	NaN	NaN	3	NaN	NaN
1700000538.000	NaN	NaN	NaN	12	NaN
1700000538.000	NaN	NaN	3	NaN	NaN
1700000539.000	NaN	NaN	NaN	13	NaN
1700000539.000	NaN	NaN	3	NaN	NaN
1700000540.000	NaN	NaN	NaN	12	NaN
1700000540.000	NaN	NaN	3	NaN	NaN
1700000541.000	NaN	NaN	NaN	11	NaN
1700000541.000	NaN	NaN	3	NaN	NaN
1700000542.000	NaN	NaN	NaN	12	NaN
1700000542.000	NaN	NaN	3	NaN	NaN
1700000543.000	NaN	NaN	NaN	12	NaN
1700000543.000	NaN	NaN	3	NaN	NaN
1700000544.000	NaN	NaN	NaN	12	NaN
1700000544.000	NaN	NaN	3	NaN	NaN
1700000545.000	NaN	NaN	NaN	12	NaN
1700000545.000	NaN	NaN	3	NaN	NaN
1700000546.000	NaN	NaN	NaN	11	NaN
1700000546.000	NaN	NaN	3	NaN	NaN
1700000547.000	NaN	NaN	NaN	12	NaN
1700000547.000	NaN	NaN	3	NaN	NaN
1700000548.000	NaN	NaN	NaN	12	NaN
1700000548.000	NaN	NaN	3	NaN	NaN
1700000549.000	NaN	NaN	NaN	13	NaN
1700000549.000	NaN	NaN	3	NaN	NaN
1700000550.000	NaN	NaN	NaN	12	NaN
1700000550.000	NaN	NaN	3	NaN	NaN
1700000551.000	NaN	NaN	NaN	12	NaN
1700000551.000	NaN	NaN	3	NaN	NaN
1700000552.000	NaN	NaN	NaN	12	NaN
1700000552.000	NaN	NaN	3	NaN	NaN
1700000553.000	NaN	NaN	NaN	12	NaN
1700000553.000	NaN	NaN	3	NaN	NaN
1700000554.000	NaN	NaN	NaN	11	NaN
1700000554.000	NaN	NaN	3	NaN	NaN
1700000555.000	NaN	NaN	NaN	10	NaN
1700000555.000	NaN	NaN	3	NaN	NaN
1700000556.000	NaN	NaN	NaN	10	NaN
1700000556.000	NaN	NaN	3	NaN	NaN
1700000557.000	NaN	NaN	NaN	12	NaN
1700000557.000	NaN	NaN	3	NaN	NaN
1700000558.000	NaN	NaN	NaN	12	NaN
1700000558.000	NaN	NaN	3	NaN	NaN
1700000559.000	NaN	NaN	NaN	11	NaN
1700000559.000	NaN	NaN	3	NaN	NaN
1700000560.000	NaN	NaN	NaN	10	NaN
1700000560.000	NaN	NaN	3	NaN	NaN
1700000561.000	NaN	NaN	NaN	12	NaN
1700000561.000	NaN	NaN	3	NaN	NaN
1700000562.000	NaN	NaN	NaN	11	NaN
1700000562.000	NaN	NaN	3	NaN	NaN
1700000563.000	NaN	NaN	NaN	11	NaN
1700000563.000	NaN	NaN	3	NaN	NaN
1700000564.000	NaN	NaN	NaN	9	NaN
1700000564.000	NaN	NaN	3	NaN	NaN
1700000565.000	NaN	NaN	NaN	11	NaN
1700000565.000	NaN	NaN	3	NaN	NaN
1700000566.000	NaN	NaN	NaN	12	NaN
1700000566.000	NaN	NaN	3	NaN	NaN
1700000567.000	NaN	NaN	NaN	11	NaN
1700000567.000	NaN	NaN	3	NaN	NaN
1700000568.000	NaN	NaN	NaN	10	NaN
1700000568.000	NaN	NaN	3	NaN	NaN
1700000569.000	NaN	NaN	NaN	12	NaN
1700000569.000	NaN	NaN	3	NaN	NaN
1700000570.000	NaN	NaN	NaN	9	NaN
1700000570.000	NaN	NaN	3	NaN	NaN
1700000571.000	NaN	NaN	NaN	11	NaN
1700000571.000	NaN	NaN	3	NaN	NaN
1700000572.000	NaN	NaN	NaN	13	NaN
1700000572.000	NaN	NaN	3	NaN	NaN
1700000573.000	NaN	NaN	NaN	12	NaN
1700000573.000	NaN	NaN	3	NaN	NaN
1700000574.000	NaN	NaN	NaN	11	NaN
1700000574.000	NaN	NaN	3	NaN	NaN
1700000575.000	NaN	NaN	NaN	12	NaN
1700000575.000	NaN	NaN	3	NaN	NaN
1700000576.000	NaN	NaN	NaN	11	NaN
1700000576.000	NaN	NaN	3	NaN	NaN
1700000577.000	NaN	NaN	NaN	10	NaN
1700000577.000	NaN	NaN	3	NaN	NaN
1700000578.000	NaN	NaN	NaN	10	NaN
1700000578.000	NaN	NaN	3	NaN	NaN
1700000579.000	NaN	NaN	NaN	13	NaN
1700000579.000	NaN	NaN	3	NaN	NaN
1700000580.000	NaN	NaN	NaN	10	NaN
1700000580.000	NaN	NaN	3	NaN	NaN
1700000581.000	NaN	NaN	NaN	9	NaN
1700000581.000	NaN	NaN	3	NaN	NaN
1700000582.000	NaN	NaN	NaN	12	NaN
1700000582.000	NaN	NaN	3	NaN	NaN
1700000583.000	NaN	NaN	NaN	11	NaN
1700000583.000	NaN	NaN	3	NaN	NaN
1700000584.000	NaN	NaN	NaN	10	NaN
1700000584.000	NaN	NaN	3	NaN	NaN
1700000585.000	NaN	NaN	NaN	11	NaN
1700000585.000	NaN	NaN	3	NaN	NaN
1700000586.000	NaN	NaN	NaN	12	NaN
1700000586.000	NaN	NaN	3	NaN	NaN
1700000587.000	NaN	NaN	NaN	10	NaN
1700000587.000	NaN	NaN	3	NaN	NaN
1700000588.000	NaN	NaN	NaN	12	NaN
1700000588.000	NaN	NaN	3	NaN	NaN
1700000589.000	NaN	NaN	NaN	12	NaN
1700000589.000	NaN	NaN	3	NaN	NaN
1700000590.000	NaN	NaN	NaN	12	NaN
1700000590.000	NaN	NaN	3	NaN	NaN
1700000591.000	NaN	NaN	NaN	10	NaN
1700000591.000	NaN	NaN	3	NaN	NaN
1700000592.000	NaN	NaN	NaN	11	NaN
1700000592.000	NaN	NaN	3	NaN	NaN
1700000593.000	NaN	NaN	NaN	10	NaN
1700000593.000	NaN	NaN	3	NaN	NaN
1700000594.000	NaN	NaN	NaN	11	NaN
1700000594.000	NaN	NaN	3	NaN	NaN
1700000595.000	NaN	NaN	NaN	10	NaN
1700000595.000	NaN	NaN	3	NaN	NaN
1700000596.000	NaN	NaN	NaN	12	NaN
1700000596.000	NaN	NaN	3	NaN	NaN
1700000597.000	NaN	NaN	NaN	12	NaN
1700000597.000	NaN	NaN	3	NaN	NaN
1700000598.000	NaN	NaN	NaN	10	NaN
1700000598.000	NaN	NaN	3	NaN	NaN
1700000599.000	NaN	NaN	NaN	10	NaN
1700000599.000	NaN	NaN	3	NaN	NaN
1700000600.000	NaN	NaN	NaN	13	NaN
1700000600.000	NaN	NaN	3	NaN	NaN
